구분,의료기관명,의료기관주소(도로명),의료기관전화번호
한의원,담뜰한의원,"전라남도 순천시 왕지로 36, 2층 203호 (왕지동)",061-762-7577
한의원,하얀미한의원,"전라남도 순천시 왕지4길 9-12, 2층 (왕지동)",
한의원,송인한의원,"전라남도 순천시 중앙로 75, 1층 (저전동)",061-753-2735
한의원,홍대영한의원,"전라남도 순천시 중앙로 146-1, 1층 (매곡동)",061-751-1075
한의원,지리산쌍계한의원,"전라남도 순천시 왕지2길 13-7, 2층 (왕지동)",061-721-0012
한의원,아이누리한의원,"전라남도 순천시 해룡면 매안로 145, 2층 202호",061-723-0275
한의원,산들한의원,"전라남도 순천시 삼산로 101, 2층 203호 (용당동, 주상복합)",061-753-3701
한의원,웃장부부한의원,"전라남도 순천시 중앙로 138-1, 2층 (매곡동, 진마트)",061-903-0903
한의원,예선한의원,"전라남도 순천시 왕지5길 4, 3층 (왕지동)",061-724-8875
한의원,순천백세한의원,"전라남도 순천시 신월큰길 41, 2층 (조례동, 순천마트)",061-725-0099
한의원,신대생생한의원,"전라남도 순천시 해룡면 신대3길 2, 4층",061-723-7510
한의원,함소아한의원,"전라남도 순천시 왕지1길 3-13, 1층 (왕지동)",061-727-1075
한의원,미올한의원,"전라남도 순천시 왕지1길 19, 2층 (왕지동)",061-811-2575
한의원,포바즈다우한의원,"전라남도 순천시 중앙로 78, 지하1~지상3층 (장천동, 다우한의원)",061-752-0010
한의원,해룡한의원,전라남도 순천시 해룡면 해룡로 1128-9,061-723-7095
한의원,알리바바한의원,전라남도 순천시 해룡면 향매로 67,061-725-1075
한의원,홍한의원,전라남도 순천시 팔마로 45 (풍덕동),061-741-3317
한의원,천지인한의원,"전라남도 순천시 조례신대앞길 19, 2층 (조례동)",061-726-9988
한의원,아이앤맘한의원,전라남도 순천시 신월큰길 32 (조례동),061-726-0023
한의원,부부한의원,전라남도 순천시 중앙로 138 (매곡동),061-753-0753
한의원,태양당한의원,전라남도 순천시  조례1길  15 (조례동),061-908-1117
한의원,금송한의원,전라남도 순천시 백연길 104 (조례동),061-725-1845
한의원,평강한의원,전라남도 순천시 팔마로 14 (장천동),061-742-4002
한의원,경희다나을한의원,"전라남도 순천시 봉화2길 87, 2층 (조례동)",061-725-7700
한의원,대동한의원,전라남도 순천시 연향번영길 102 (연향동),061-722-1075
한의원,들풀한의원,전라남도 순천시 신월큰길 26 (조례동),061-722-5175
한의원,월수금한의원,"전라남도 순천시 행중길 17, 1층 (행동)",061-726-5566
한의원,으뜸한의원,전라남도 순천시 별량면 별량길 93,061-744-1075
한의원,고려한의원,전라남도 순천시 이수로 299 (조례동),061-726-1075
한의원,소나무한의원,"전라남도 순천시 남산로 144, 2층 (풍덕동)",061-742-6030
한의원,순천당한의원,전라남도 순천시 주암면 동주로 2049,061-754-7510
한의원,금강한의원,전라남도 순천시 중앙로 8 (장천동),061-741-1075
한의원,조한의원,"전라남도 순천시 팔마로 47, 2층 (풍덕동)",061-743-8868
한의원,김진만한의원,"전라남도 순천시 풍덕주택길 12, 1-2층 (풍덕동)",061-745-3456
한의원,임한의원,"전라남도 순천시 비봉2길 9, 3층 (조례동)",061-753-1027
한의원,플러스배한의원,전라남도 순천시 신월큰길 7 (조례동),061-727-7507
한의원,서수환한의원,전라남도 순천시 왕궁길 60 (조례동),061-725-0287
한의원,동의보감한의원,"전라남도 순천시 해룡면 조례못등길 128, 1,2층",061-723-9995
한의원,다솜한의원,전라남도 순천시 봉화2길 97 (조례동),061-726-7881
한의원,우리한의원,"전라남도 순천시 중앙로 164, 1.2층 (매곡동)",061-755-7975
한의원,진흥한의원,"전라남도 순천시 중앙로 13, 1층 (저전동)",061-742-1175
한의원,문규준한의원,전라남도 순천시 연향상가7길 25 (연향동),061-723-4175
한의원,뉴로영진한의원,"전라남도 순천시 왕지2길 4-20, 1층 (왕지동)",061-723-3601
한의원,민들레하나한의원,전라남도 순천시 충효로 144 (연향동),061-724-9871
한의원,인촌한의원,전라남도 순천시 장명로 40-1 (장천동),061-743-3233
한의원,최한의원,전라남도 순천시 중앙2길 1 (장천동),061-753-0900
한의원,순천한의원,전라남도 순천시 중앙로 122 (중앙동),061-753-7866
한의원,대추나무한의원,전라남도 순천시 연향3로 39 (연향동),061-725-7575
한의원,제중한의원,전라남도 순천시 중앙로 81 (저전동),061-745-2608
한의원,백초당한의원,전라남도 순천시 옥천길 35 (영동),061-752-2336
한의원,수생당한의원,전라남도 순천시 호남길 60 (영동),061-724-0555
한의원,경희한의원,전라남도 순천시 시민로 46 (남내동),061-752-4891
의원,스마트 신경외과의원,"전라남도 순천시 중앙로 314, 2~3층 (가곡동)",061-741-0005
의원,굿모닝이비인후과의원,"전라남도 순천시 삼산로 61, 유니빌딩 2층 (용당동)",
의원,연세365의원,"전라남도 순천시 해룡면 향매로 99, SM빌딩 2,3,4층",061-721-7991
의원,신대피부과의원,"전라남도 순천시 해룡면 향매로 67, 5층",061-726-0405
의원,웰니스의원,"전라남도 순천시 충효로 15, 메가박스 3층 (덕암동)",061-750-0600
의원,마디튼튼연합의원,"전라남도 순천시 삼산로 61, 2층 (용당동)",061-753-8275
의원,오필승정형외과의원,"전라남도 순천시 이수로 325, 조례큰약국 3층 (조례동)",061-901-7588
의원,순천안과의원,"전라남도 순천시 중앙로 54, 2,3층 (장천동)",061-741-4410
의원,서울로성형외과의원,"전라남도 순천시 이수로 319, 2층 (조례동)",061-721-5800
의원,채움비뇨기과의원,"전라남도 순천시 장선배기1길 4, 음양당약국 2층 (조례동)",
의원,박선희365산부인과의원,"전라남도 순천시 팔마로 212, 5층 (풍덕동)",061-744-8575
의원,청담연합의원,"전라남도 순천시 해룡면 향매로 59, 2층 204호",061-726-0004
의원,중앙의원,"전라남도 순천시 월등면 월등로 1038-1, 1층",061-754-6565
의원,조례미소의원,"전라남도 순천시 봉화2길 99, 창암빌딩 3층 (조례동)",061-722-4321
의원,신대성모안과의원,"전라남도 순천시 해룡면 향매로 67, 4층",061-725-0033
의원,미래연합의원,"전라남도 순천시 팔마로 130-1, 2층 (조곡동)",061-742-8275
의원,오천 권내과의원,"전라남도 순천시 오천7길 28, 2층 (오천동)",061-746-0078
의원,바른정형외과의원,전라남도 순천시 해룡면 향매로 67,061-727-4509
의원,한신경과의원,"전라남도 순천시 신월큰길 9, 4층 (조례동)",061-724-9988
의원,연세이동훈피부과의원,"전라남도 순천시 이수로 321, 2층 (조례동)",061-721-4900
의원,박성식신경과의원,"전라남도 순천시 장선배기1길 9-8, 2층 (조례동)",061-722-0522
의원,더밝은안과의원,"전라남도 순천시 이수로 321, 5층 (조례동)",061-727-2000
의원,필앤톡의원,"전라남도 순천시 신월큰길 9, 5층 (조례동)",061-723-5303
의원,든든마취통증의학과의원,"전라남도 순천시 오천7길 28, 3층 (오천동)",061-741-8253
의원,강남뷰티의원,"전라남도 순천시 남신월길 2, 4층 401호 (조례동)",061-722-9505
의원,손사랑연합의원,"전라남도 순천시 해룡면 조례못등길 90, 1층",061-724-0994
의원,더바른의원,"전라남도 순천시 팔마로 148, 2-3층 (덕암동)",061-746-4300
의원,김인호정신건강의학과의원,전라남도 순천시 팔마로 205 (덕암동),061-745-9400
의원,순천기독의원,전라남도 순천시 매산길 11 (매곡동),061-752-2074
의원,임종채내과의원,"전라남도 순천시 이수로 325, 1층 (조례동)",061-744-7582
의원,숨이편한내과의원,"전라남도 순천시 해룡면 매안로 143, 2층 1~2호",061-726-8275
의원,맨투남성의원,전라남도 순천시 신월큰길 9 (조례동),061-723-5557
의원,아산우리의원,"전라남도 순천시 중앙로 14 (장천동, 우리내과, 1층~6층))",061-750-1900
의원,참조은우리내과의원,전라남도 순천시 팔마로 3 (장천동),061-746-9930
의원,고운빛의원,"전라남도 순천시 연향번영길 122, 휴대폰종합할인매장 2층 202호 (연향동)",
의원,샘연합의원,전라남도 순천시 팔마로 48 (인제동),061-744-7707
의원,담은 정신건강의학과의원,"전라남도 순천시 왕지2길 4-20, 2층 (왕지동)",061-727-3063
의원,필스토리의원,"전라남도 순천시 신월큰길 7 (조례동, 리원빌딩 4,5층)",061-727-8050
의원,스카이예스이비인후과의원,"전라남도 순천시 신월큰길 9, 2~3층 (조례동)",061-727-7585
의원,양지의원,"전라남도 순천시 팔마로 132, 3층층 (조곡동, 환호B/D나동)",061-741-2320
의원,웰의원,"전라남도 순천시 왕지로 39, 3층 (왕지동)",061-721-5509
의원,세종의원,전라남도 순천시 해룡면 조례못등길 123,061-723-7177
의원,김량진정신건강의학과의원,"전라남도 순천시 이수로 315, 2층 (조례동)",061-742-3600
의원,다모드림의원,전라남도 순천시 이수로 291 (조례동),061-727-5875
의원,늘건강마취통증의학과의원,전라남도 순천시 신월큰길 32 (조례동),061-721-0031
의원,뉴맨비뇨기과의원,"전라남도 순천시 이수로 319, 3층 (조례동)",061-725-1505
의원,아나파적맥통증의원,전라남도 순천시 이수로 315 (조례동),061-721-0046
의원,순천제일의원,"전라남도 순천시 장평로 53, 2층 (인제동)",061-745-7585
의원,다정의원,"전라남도 순천시 해룡면 장선배기길 284, 청솔아파트1치동 206호",061-725-7987
의원,(의) 열린의료재단 정다운의원,전라남도 순천시 풍덕주택길 14 (풍덕동),061-725-7565
의원,희망의원,"전라남도 순천시 서면 배들이길 3, 1층",061-751-0205
의원,프라임비뇨기과의원,"전라남도 순천시 신월큰길 13, 메디플러스타운동 4층 (조례동)",061-804-5171
의원,플러스내과의원,전라남도 순천시 신월큰길 13 (조례동),061-804-5114
의원,최윤정이혜은산부인과의원,전라남도 순천시 신월큰길 13 (조례동),061-727-7171
의원,플러스안과의원,"전라남도 순천시 신월큰길 7, 리원빌딩동 3층 (조례동)",061-804-5115
의원,고금석이비인후과의원,"전라남도 순천시 이수로 315, 2층 (조례동)",061-723-9925
의원,임주영피부과의원,"전라남도 순천시 신월큰길 1-4, 5층 (조례동)",061-727-9911
의원,류마내과의원,"전라남도 순천시 이수로 321, 3층 (조례동)",061-724-8275
의원,순천동강의원,전라남도 순천시 중앙로 185 (매곡동),061-754-8275
의원,용당우리의원,"전라남도 순천시 삼산로 102, 2층 (용당동)",061-752-7582
의원,드림내과의원,"전라남도 순천시 순광로 14, 외1필지동 (조례동)",061-720-9500
의원,하나비뇨기과의원,"전라남도 순천시 순광로 14, 드림내과 5층 (조례동)",061-722-8575
의원,연세마취통증의학과의원,"전라남도 순천시 팔마로 22, 2층 (장천동)",061-742-7502
의원,순천교도소부속의원,전라남도 순천시 서면 백강로 790,061-751-2114
의원,안명웅성형외과의원,전라남도 순천시 이수로 317 (조례동),061-727-1700
의원,미래로소아청소년과의원,"전라남도 순천시 봉화3길 14, 2,4,5층 (조례동)",061-725-2244
의원,수이비인후과의원,"전라남도 순천시 중앙로 67, 3층 (저전동)",061-746-7575
의원,아름다운피부과의원,"전라남도 순천시 이수로 319, 4층 (조례동)",061-724-7555
의원,열린의원,전라남도 순천시 비봉2길 7 (조례동),061-721-7535
의원,하나이비인후과의원,"전라남도 순천시 이수로 305, 2층~4층층 (조례동, 동부클라이밍,NEPA)",061-726-6001
의원,한전국마취통증의학과의원,"전라남도 순천시 중앙로 10, 6층 (장천동, 김안과의원)",061-752-7562
의원,모두편한내과방사선과의원,"전라남도 순천시 신월큰길 1-4, 2,3층 (조례동)",061-725-7567
의원,밝은마을정신건강의학과의원,"전라남도 순천시 이수로 319, 3층 (조례동, 세븐빌딩)",061-725-8275
의원,연합홍문외과의원,"전라남도 순천시 신월큰길 1-4, 4층,8층 (조례동)",061-724-0975
의원,현소아과의원,"전라남도 순천시 왕궁중앙길 28, 2층 (조례동)",061-723-8571
의원,정회정외과의원,"전라남도 순천시 팔마로 126, 1층 (조곡동)",061-744-8275
의원,조례순천안과의원,전라남도 순천시 순광로 14 (조례동),061-724-5050
의원,위앤장서내과의원,"전라남도 순천시 대석길 31, 2,3,4층 (연향동)",061-724-4600
의원,행복한가정의원,"전라남도 순천시 해룡면 장선배기길 256, 2층",061-724-7567
의원,명성의원,전라남도 순천시 승주읍 승주로 706,061-754-6294
의원,황인용신경과의원,"전라남도 순천시 이수로 321, 6층 (조례동)",061-724-5577
의원,연향가정의학과의원,"전라남도 순천시 안산길 10 (연향동, 세종빌딩)",061-745-7582
의원,한사랑의원,"전라남도 순천시 삼산로 103-11, 1층 (용당동)",061-751-0290
의원,항도외과의원,"전라남도 순천시 기적의도서관길 1, 1층,2층 (연향동)",061-723-5775
의원,동순천내과의원,"전라남도 순천시 이수로 291, 2층 (조례동)",061-721-8300
의원,순천현대의원,"전라남도 순천시 우석로 98, 2층 (남정동)",061-743-0477
의원,신대상쾌한이비인후과의원,"전라남도 순천시 해룡면 향매로 67, 2층",061-722-7275
의원,성모안과의원,"전라남도 순천시 이수로 317, 1층 (조례동, 성모안과)",061-721-0062
의원,장용석비뇨기과의원,전라남도 순천시 남신월길 15-1 (조례동),061-722-7584
의원,동부외과의원,전라남도 순천시 팔마로 105 (조곡동),061-742-3737
의원,한빛산부인과의원,전라남도 순천시 연향중앙상가길 29 (연향동),061-725-0008
의원,누가의원,전라남도 순천시 연향1로 55 (연향동),061-725-1535
의원,신언수내과의원,전라남도 순천시 연향중앙상가길 29 (연향동),061-724-7582
의원,웰빙의원,"전라남도 순천시 이수로 325, 2층 (조례동)",061-725-0096
의원,최종옥정형외과의원,전라남도 순천시 조례못등길 16 (조례동),061-725-0700
의원,남부의원,전라남도 순천시 별량면 별량길 140,061-742-7875
의원,조윤향피부과의원,"전라남도 순천시 이수로 325, 2층 (조례동)",061-724-0282
의원,아이튼튼연합소아청소년과의원,"전라남도 순천시 해룡면 신대로 116, 2층",061-721-9966
의원,강남성모의원,전라남도 순천시 연향3로 33 (연향동),061-724-8008
의원,중앙가정의학과의원,전라남도 순천시 풍덕주택길 59 (풍덕동),061-741-1788
의원,세종소아청소년과의원,"전라남도 순천시 해룡면 조례못등길 121, 1, 2층",061-723-7177
의원,파티마성형외과의원,"전라남도 순천시 이수로 315, 4층 (조례동)",061-751-4580
의원,임유진내과의원,전라남도 순천시 중앙로 134 (매곡동),061-751-5241
의원,류이비인후과의원,"전라남도 순천시 백연길 104, 3층 (조례동)",061-723-8575
의원,사랑의원,"전라남도 순천시 풍덕주택길 87, 1-2층 (풍덕동)",061-741-0341
의원,현대의원,전라남도 순천시 황전면 괴목길 97,061-754-9319
의원,순천로뎀의원,전라남도 순천시 조례못등길 21 (조례동),061-723-2356
의원,이상철내과의원,전라남도 순천시 장명로 47 (장천동),061-744-9010
의원,김안과의원,전라남도 순천시 중앙로 10 (장천동),061-742-4988
의원,손산부인과의원,"전라남도 순천시 중앙4길 13, 3층 (장천동)",061-753-2300
의원,박은진성형외과의원,"전라남도 순천시 중앙로 67, 3층 (저전동)",061-741-1315
의원,성심의원,전라남도 순천시 주암면 주암호길 6,061-754-9855
의원,순천정신건강의학과의원,전라남도 순천시 중앙로 119-1 (중앙동),061-751-1053
의원,이영철의원,"전라남도 순천시 왕궁길 5, 2층 (조례동)",061-725-6119
의원,세란의원,"전라남도 순천시 이수로 304, 4층 (연향동)",061-751-0006
의원,강철민내과의원,"전라남도 순천시 이수로 315, 1층 (조례동)",061-725-2439
의원,나산부인과의원,"전라남도 순천시 이수로 319, LG텔레콤 3층 (조례동)",061-743-7733
의원,조강호이비인후과의원,"전라남도 순천시 중앙로 136, 2층 (매곡동)",061-754-8800
의원,성미의원,전라남도 순천시 중앙로 100 (남내동),061-753-3822
의원,장비뇨기과의원,전라남도 순천시 이수로 295 (조례동),061-725-0070
의원,최종영신경정신과의원,전라남도 순천시 대석길 20 (연향동),061-743-4735
의원,이백현신경외과의원,전라남도 순천시 중앙로 70 (장천동),061-755-1100
의원,김학선비뇨기과의원,"전라남도 순천시 중앙로 138, 3층 (매곡동)",061-752-9639
의원,남순천의원,전라남도 순천시 중앙로 12 (장천동),061-741-5815
의원,김종영이비인후과의원,전라남도 순천시 남문천변길 6 (장천동),061-743-7955
의원,강내과의원,전라남도 순천시 중앙로 108 (중앙동),061-753-4345
의원,문외과의원,전라남도 순천시 호남길 6 (행동),061-752-1120
의원,송비뇨기과의원,전라남도 순천시 중앙로 90-1 (남내동),061-752-1797
의원,서안과의원,전라남도 순천시 중앙로 124 (중앙동),061-753-8686
의원,윤이소아청소년과의원,"전라남도 순천시 중앙로 69, 2층 (저전동)",061-743-2161
의원,신내과의원,전라남도 순천시 팔마로 14-1 (장천동),061-743-2111
의원,순천신경외과의원,전라남도 순천시 중앙로 21 (저전동),061-744-7575
의원,성심이비인후과의원,전라남도 순천시 중앙로 108 (중앙동),061-752-3761
의원,성내과의원,전라남도 순천시 매곡2길 1 (매곡동),061-752-5789
치과의원,순천 킴치과의원,"전라남도 순천시 백강로 367, 5층 (조례동)",061-724-2875
치과의원,순천미르치과의원,"전라남도 순천시 연향번영길 118, 미르치과병원 (연향동)",061-729-7000
치과의원,아이틴주니어치과의원,"전라남도 순천시 해룡면 신대로 118, 4층 402호",061-721-2275
치과의원,오치과의원,"전라남도 순천시 장평로 55, 순천원예농협 인제지점 2층 (인제동)",061-741-2879
치과의원,꽃미소치과교정과치과의원,"전라남도 순천시 해룡면 매안로 143, 3층",061-727-2824
치과의원,북부엘치과의원,전라남도 순천시 중앙로 138-1 (매곡동),061-751-2879
치과의원,별량치과의원,"전라남도 순천시 별량면 별량길 80, 1층",061-726-2825
치과의원,연세치과의원,"전라남도 순천시 연향중앙상가길 80, 2층 (연향동, 현대1차아파트)",061-724-5655
치과의원,더따뜻한치과의원,"전라남도 순천시 왕지2길 25-4, 2층 (왕지동)",061-755-2000
치과의원,순천에스치과의원,"전라남도 순천시 조례2길 4, 5층 501호 (조례동)",061-727-8875
치과의원,제이원치과의원,"전라남도 순천시 충효로 142, 2층 (연향동, 수협은행)",061-746-6699
치과의원,채움치과의원,"전라남도 순천시 해룡면 신대3길 2, 5층 501호",061-724-2874
치과의원,가지런이치과의원,"전라남도 순천시 순천만정원로 86, 3층 (풍덕동)",061-741-2275
치과의원,이바른치과의원,"전라남도 순천시 오천7길 28, 4층 401호 (오천동)",061-741-0275
치과의원,오천치과의원,"전라남도 순천시 오천6길 24, 3층 303호 (오천동)",
치과의원,편한이치과의원,"전라남도 순천시 삼산로 101, 2층 201호 (용당동, 주상복합)",061-725-2875
치과의원,서울인제치과의원,"전라남도 순천시 장평1길 6, 1층 (인제동)",
치과의원,아랫장치과의원,"전라남도 순천시 강남로 3, 2층 (풍덕동, 흥농종묘사)",061-745-7528
치과의원,서울바른이치과교정과치과의원,"전라남도 순천시 남신월길 2, 6층 (조례동)",061-727-2879
치과의원,다온치과의원,"전라남도 순천시 팔마로 205, 8층 801호 (덕암동, LG전자)",061-746-2828
치과의원,정치과의원,"전라남도 순천시 연향1로 55, 2층 201호 (연향동, 부영1차아파트)",061-724-2080
치과의원,파머스치과의원,"전라남도 순천시 백연길 111, 1층 (조례동)",061-722-2875
치과의원,한마음치과의원,"전라남도 순천시 이수로 319, 4층 401호 (조례동)",061-723-2727
치과의원,라파치과의원,"전라남도 순천시 해룡면 매안2길 21-6, 0층",061-753-1500
치과의원,흰돌치과의원,"전라남도 순천시 해룡면 좌야로 135, 2층 209호 (중흥S클래스 메가타운상가)",061-721-2822
치과의원,유디순천치과의원,전라남도 순천시 팔마로 212 (풍덕동),061-746-2804
치과의원,한결치과의원,"전라남도 순천시 중앙로 10, 3층 (장천동)",
치과의원,옥플란트치과의원,"전라남도 순천시 해룡면 신대로 116, 5층",061-721-7745
치과의원,신대치과의원,전라남도 순천시 해룡면 신대로 117,061-725-7582
치과의원,수부부치과의원,"전라남도 순천시 연향1로 55, 201호 (연향동)",
치과의원,상아치과의원,"전라남도 순천시 해룡면 신대로 97, 5동 202호 (중흥에스클라스상가)",061-727-0275
치과의원,순천탑치과의원,"전라남도 순천시 왕궁길 25, 4층 (조례동)",061-721-7528
치과의원,사랑이가득한치과의원,"전라남도 순천시 이수로 304, 3층 (연향동)",061-723-2824
치과의원,서울순치과의원,"전라남도 순천시 해룡면 향매로 77, 광명빌딩동 5층",061-724-2871
치과의원,이튼치과의원,"전라남도 순천시 해룡면 좌야로 101, 130동 201호 (중흥에스클래스 상가)",061-727-0022
치과의원,선이고운치과의원,전라남도 순천시 연향중앙상가길 9 (연향동),061-724-2879
치과의원,조종현치과의원,전라남도 순천시 이수로 315 (조례동),061-906-2804
치과의원,순천원치과의원,"전라남도 순천시 왕지5길 15, 2층 (왕지동)",061-901-2875
치과의원,준치과의원,"전라남도 순천시 왕지5길 34, 3층 (왕지동)",061-727-2754
치과의원,서울미치과의원,"전라남도 순천시 풍덕주택길 3, 3층 (조곡동)",061-746-2875
치과의원,이조은치과의원,전라남도 순천시 중앙로 153 (매곡동),061-754-0028
치과의원,아이비치과의원,전라남도 순천시 순광로 14 (조례동),061-755-2228
치과의원,윌치과의원,전라남도 순천시 신월큰길 34 (조례동),061-725-3652
치과의원,허브치과의원,전라남도 순천시 안산길 12 (연향동),061-721-4200
치과의원,유앤치과의원,"전라남도 순천시 연향중앙상가길 9, 순천엘지빌딩동 401호 (연향동)",061-727-2804
치과의원,대한치과의원,"전라남도 순천시 중앙로 77, 2층,3층동 (저전동)",061-741-7528
치과의원,용당퍼스트치과의원,전라남도 순천시 삼산로 90 (용당동),061-752-2875
치과의원,하나연치과의원,전라남도 순천시 대석길 23 (연향동),061-725-1028
치과의원,꼬마치과의원,전라남도 순천시 이수로 304 (연향동),061-723-2804
치과의원,아이덴치과의원,전라남도 순천시 신월큰길 1-4 (조례동),061-746-5000
치과의원,순천드림치과의원,전라남도 순천시 연향번영길 102 (연향동),061-727-2828
치과의원,나래치과의원,"전라남도 순천시 해룡면 장선배기길 181, 상가동 203호동",061-723-7543
치과의원,성모치과의원,전라남도 순천시 중앙로 140 (매곡동),061-753-2875
치과의원,프라임치과의원,전라남도 순천시 팔마4길 51 (연향동),061-727-2070
치과의원,미래치과의원,"전라남도 순천시 비봉2길 7, 2층 (조례동)",061-727-7575
치과의원,플러스치과의원,전라남도 순천시 신월큰길 13 (조례동),061-727-2875
치과의원,이용승치과의원,"전라남도 순천시 이수로 304, 5층 (연향동)",061-723-2772
치과의원,이편한치과의원,"전라남도 순천시 팔마로 14, 2층 (장천동)",061-741-2828
치과의원,박관수치과의원,"전라남도 순천시 남신월길 15-1, 2층 (조례동)",061-723-3333
치과의원,우리치과의원,"전라남도 순천시 왕궁길 5, 3층 (조례동)",061-722-2209
치과의원,고운빛치과의원,전라남도 순천시 연향3로 16 (연향동),061-724-0075
치과의원,치아림치과의원,"전라남도 순천시 이수로 325, 4층 (조례동)",061-724-8020
치과의원,행복한치과의원,전라남도 순천시 봉화3길 14 (조례동),061-724-2805
치과의원,즐거운치과의원,"전라남도 순천시 이수로 315, 3층 (조례동)",061-721-0330
치과의원,닥터송치과의원,"전라남도 순천시 안산길 6, 201호 (연향동, 미림프라자)",061-721-7745
치과의원,뉴욕치과의원,전라남도 순천시 구암길 2 (연향동),061-744-2875
치과의원,이사랑치과의원,"전라남도 순천시 해룡면 장선배기길 272, 부영6차가동 2층 3,4호",061-725-2804
치과의원,프롬치과의원,"전라남도 순천시 왕궁길 47, 2층 (조례동)",061-725-2775
치과의원,순천수치과의원,"전라남도 순천시 중앙로 353, 2층 (가곡동)",061-752-6511
치과의원,박석환치과의원,"전라남도 순천시 해룡면 장선배기길 284, 청솔@상가동 201호",061-725-2882
치과의원,라임치과의원,"전라남도 순천시 이수로 321, 4층 (조례동)",061-721-2804
치과의원,스마일치과의원,"전라남도 순천시 해룡면 기적의도서관길 90, 2층 212호 (부영3차아파트)",061-724-2828
치과의원,누가치과의원,전라남도 순천시 중앙로 74 (장천동),061-744-9972
치과의원,소망치과의원,"전라남도 순천시 이수로 296, 3층 (연향동)",061-724-7528
치과의원,곽재우치과의원,전라남도 순천시 조례못등길 19 (조례동),061-722-7560
치과의원,김미정치과의원,전라남도 순천시 이수로 276 (조례동),061-744-2828
치과의원,이백희치과의원,전라남도 순천시 하인제길 3 (인제동),061-743-1234
치과의원,모아치과의원,전라남도 순천시 연향상가1길 1 (연향동),061-721-2875
치과의원,현대치과의원,"전라남도 순천시 이수로 291, 2층 202호 (조례동)",061-722-8946
치과의원,류진치과의원,전라남도 순천시 장선배기길 77 (조례동),061-722-9666
치과의원,정우준치과의원,"전라남도 순천시 왕지1길 19, 5층 (왕지동)",061-752-0407
치과의원,굿모닝치과의원,"전라남도 순천시 연향3로 33, 1,2층 (연향동)",061-725-7557
치과의원,박성근치과의원,전라남도 순천시 삼산로 107 (용당동),061-752-0062
치과의원,강승원치과의원,"전라남도 순천시 순광로 24, 메디칼센터동 4층 (조례동)",061-721-4770
치과의원,밀알치과의원,전라남도 순천시 호남길 1 (행동),061-755-2872
치과의원,백형모치과의원,전라남도 순천시 중앙로 126 (중앙동),061-754-4314
치과의원,정건치과의원,"전라남도 순천시 장명로 18, 2층 (장천동)",061-742-2875
치과의원,순천사랑치과의원,전라남도 순천시 봉화2길 86 (조례동),061-726-2810
치과의원,이광호치과의원,전라남도 순천시 풍덕주택길 26 (풍덕동),061-743-2816
치과의원,손치과의원,"전라남도 순천시 중앙로 125 (중앙동, 손치과의원)",061-753-4567
치과의원,미치과의원,전라남도 순천시 조례못등길 16 (조례동),061-725-2828
치과의원,문상철치과의원,전라남도 순천시 중앙로 138 (매곡동),061-753-7777
치과의원,차치과의원,전라남도 순천시 이수로 23-1 (장천동),061-743-2882
